{ "frames": {
   "Sprite-0005 0.": {
    "frame": { "x": 0, "y": 0, "w": 11, "h": 21 },
    "rotated": false,
    "trimmed": false,
    "spriteSourceSize": { "x": 0, "y": 0, "w": 11, "h": 21 },
    "sourceSize": { "w": 11, "h": 21 },
    "duration": 100
   },
   "Sprite-0005 1.": {
    "frame": { "x": 11, "y": 0, "w": 11, "h": 21 },
    "rotated": false,
    "trimmed": false,
    "spriteSourceSize": { "x": 0, "y": 0, "w": 11, "h": 21 },
    "sourceSize": { "w": 11, "h": 21 },
    "duration": 100
   },
   "Sprite-0005 2.": {
    "frame": { "x": 22, "y": 0, "w": 11, "h": 21 },
    "rotated": false,
    "trimmed": false,
    "spriteSourceSize": { "x": 0, "y": 0, "w": 11, "h": 21 },
    "sourceSize": { "w": 11, "h": 21 },
    "duration": 100
   },
   "Sprite-0005 3.": {
    "frame": { "x": 33, "y": 0, "w": 11, "h": 21 },
    "rotated": false,
    "trimmed": false,
    "spriteSourceSize": { "x": 0, "y": 0, "w": 11, "h": 21 },
    "sourceSize": { "w": 11, "h": 21 },
    "duration": 100
   },
   "Sprite-0005 4.": {
    "frame": { "x": 44, "y": 0, "w": 11, "h": 21 },
    "rotated": false,
    "trimmed": false,
    "spriteSourceSize": { "x": 0, "y": 0, "w": 11, "h": 21 },
    "sourceSize": { "w": 11, "h": 21 },
    "duration": 100
   },
   "Sprite-0005 5.": {
    "frame": { "x": 55, "y": 0, "w": 11, "h": 21 },
    "rotated": false,
    "trimmed": false,
    "spriteSourceSize": { "x": 0, "y": 0, "w": 11, "h": 21 },
    "sourceSize": { "w": 11, "h": 21 },
    "duration": 100
   },
   "Sprite-0005 6.": {
    "frame": { "x": 66, "y": 0, "w": 11, "h": 21 },
    "rotated": false,
    "trimmed": false,
    "spriteSourceSize": { "x": 0, "y": 0, "w": 11, "h": 21 },
    "sourceSize": { "w": 11, "h": 21 },
    "duration": 100
   },
   "Sprite-0005 7.": {
    "frame": { "x": 77, "y": 0, "w": 11, "h": 21 },
    "rotated": false,
    "trimmed": false,
    "spriteSourceSize": { "x": 0, "y": 0, "w": 11, "h": 21 },
    "sourceSize": { "w": 11, "h": 21 },
    "duration": 100
   }
 },
 "meta": {
  "app": "http://www.aseprite.org/",
  "version": "1.2.27-x64",
  "image": "diveNormal.png",
  "format": "RGBA8888",
  "size": { "w": 88, "h": 21 },
  "scale": "1",
  "frameTags": [
  ],
  "layers": [
   { "name": "Layer 1", "opacity": 255, "blendMode": "normal" }
  ],
  "slices": [
  ]
 }
}
