{ "frames": {
   "diveStroke 0.aseprite": {
    "frame": { "x": 0, "y": 0, "w": 11, "h": 21 },
    "rotated": false,
    "trimmed": false,
    "spriteSourceSize": { "x": 0, "y": 0, "w": 11, "h": 21 },
    "sourceSize": { "w": 11, "h": 21 },
    "duration": 100
   },
   "diveStroke 1.aseprite": {
    "frame": { "x": 11, "y": 0, "w": 11, "h": 21 },
    "rotated": false,
    "trimmed": false,
    "spriteSourceSize": { "x": 0, "y": 0, "w": 11, "h": 21 },
    "sourceSize": { "w": 11, "h": 21 },
    "duration": 100
   },
   "diveStroke 2.aseprite": {
    "frame": { "x": 22, "y": 0, "w": 11, "h": 21 },
    "rotated": false,
    "trimmed": false,
    "spriteSourceSize": { "x": 0, "y": 0, "w": 11, "h": 21 },
    "sourceSize": { "w": 11, "h": 21 },
    "duration": 100
   },
   "diveStroke 3.aseprite": {
    "frame": { "x": 33, "y": 0, "w": 11, "h": 21 },
    "rotated": false,
    "trimmed": false,
    "spriteSourceSize": { "x": 0, "y": 0, "w": 11, "h": 21 },
    "sourceSize": { "w": 11, "h": 21 },
    "duration": 100
   }
 },
 "meta": {
  "app": "http://www.aseprite.org/",
  "version": "1.2.27-x64",
  "image": "diveStrokeCharge.png",
  "format": "RGBA8888",
  "size": { "w": 44, "h": 21 },
  "scale": "1",
  "frameTags": [
  ],
  "layers": [
   { "name": "Layer 1", "opacity": 255, "blendMode": "normal" }
  ],
  "slices": [
  ]
 }
}
