{ "frames": {
   "jelly 0.aseprite": {
    "frame": { "x": 0, "y": 0, "w": 20, "h": 20 },
    "rotated": false,
    "trimmed": false,
    "spriteSourceSize": { "x": 0, "y": 0, "w": 20, "h": 20 },
    "sourceSize": { "w": 20, "h": 20 },
    "duration": 200
   },
   "jelly 1.aseprite": {
    "frame": { "x": 20, "y": 0, "w": 20, "h": 20 },
    "rotated": false,
    "trimmed": false,
    "spriteSourceSize": { "x": 0, "y": 0, "w": 20, "h": 20 },
    "sourceSize": { "w": 20, "h": 20 },
    "duration": 200
   },
   "jelly 2.aseprite": {
    "frame": { "x": 40, "y": 0, "w": 20, "h": 20 },
    "rotated": false,
    "trimmed": false,
    "spriteSourceSize": { "x": 0, "y": 0, "w": 20, "h": 20 },
    "sourceSize": { "w": 20, "h": 20 },
    "duration": 200
   },
   "jelly 3.aseprite": {
    "frame": { "x": 60, "y": 0, "w": 20, "h": 20 },
    "rotated": false,
    "trimmed": false,
    "spriteSourceSize": { "x": 0, "y": 0, "w": 20, "h": 20 },
    "sourceSize": { "w": 20, "h": 20 },
    "duration": 200
   },
   "jelly 4.aseprite": {
    "frame": { "x": 80, "y": 0, "w": 20, "h": 20 },
    "rotated": false,
    "trimmed": false,
    "spriteSourceSize": { "x": 0, "y": 0, "w": 20, "h": 20 },
    "sourceSize": { "w": 20, "h": 20 },
    "duration": 200
   },
   "jelly 5.aseprite": {
    "frame": { "x": 100, "y": 0, "w": 20, "h": 20 },
    "rotated": false,
    "trimmed": false,
    "spriteSourceSize": { "x": 0, "y": 0, "w": 20, "h": 20 },
    "sourceSize": { "w": 20, "h": 20 },
    "duration": 200
   },
   "jelly 6.aseprite": {
    "frame": { "x": 120, "y": 0, "w": 20, "h": 20 },
    "rotated": false,
    "trimmed": false,
    "spriteSourceSize": { "x": 0, "y": 0, "w": 20, "h": 20 },
    "sourceSize": { "w": 20, "h": 20 },
    "duration": 200
   },
   "jelly 7.aseprite": {
    "frame": { "x": 140, "y": 0, "w": 20, "h": 20 },
    "rotated": false,
    "trimmed": false,
    "spriteSourceSize": { "x": 0, "y": 0, "w": 20, "h": 20 },
    "sourceSize": { "w": 20, "h": 20 },
    "duration": 200
   },
   "jelly 8.aseprite": {
    "frame": { "x": 160, "y": 0, "w": 20, "h": 20 },
    "rotated": false,
    "trimmed": false,
    "spriteSourceSize": { "x": 0, "y": 0, "w": 20, "h": 20 },
    "sourceSize": { "w": 20, "h": 20 },
    "duration": 200
   },
   "jelly 9.aseprite": {
    "frame": { "x": 180, "y": 0, "w": 20, "h": 20 },
    "rotated": false,
    "trimmed": false,
    "spriteSourceSize": { "x": 0, "y": 0, "w": 20, "h": 20 },
    "sourceSize": { "w": 20, "h": 20 },
    "duration": 200
   },
   "jelly 10.aseprite": {
    "frame": { "x": 200, "y": 0, "w": 20, "h": 20 },
    "rotated": false,
    "trimmed": false,
    "spriteSourceSize": { "x": 0, "y": 0, "w": 20, "h": 20 },
    "sourceSize": { "w": 20, "h": 20 },
    "duration": 200
   },
   "jelly 11.aseprite": {
    "frame": { "x": 220, "y": 0, "w": 20, "h": 20 },
    "rotated": false,
    "trimmed": false,
    "spriteSourceSize": { "x": 0, "y": 0, "w": 20, "h": 20 },
    "sourceSize": { "w": 20, "h": 20 },
    "duration": 200
   },
   "jelly 12.aseprite": {
    "frame": { "x": 240, "y": 0, "w": 20, "h": 20 },
    "rotated": false,
    "trimmed": false,
    "spriteSourceSize": { "x": 0, "y": 0, "w": 20, "h": 20 },
    "sourceSize": { "w": 20, "h": 20 },
    "duration": 200
   },
   "jelly 13.aseprite": {
    "frame": { "x": 260, "y": 0, "w": 20, "h": 20 },
    "rotated": false,
    "trimmed": false,
    "spriteSourceSize": { "x": 0, "y": 0, "w": 20, "h": 20 },
    "sourceSize": { "w": 20, "h": 20 },
    "duration": 200
   },
   "jelly 14.aseprite": {
    "frame": { "x": 280, "y": 0, "w": 20, "h": 20 },
    "rotated": false,
    "trimmed": false,
    "spriteSourceSize": { "x": 0, "y": 0, "w": 20, "h": 20 },
    "sourceSize": { "w": 20, "h": 20 },
    "duration": 200
   }
 },
 "meta": {
  "app": "http://www.aseprite.org/",
  "version": "1.2.27-x64",
  "image": "jellyAttack.png",
  "format": "RGBA8888",
  "size": { "w": 300, "h": 20 },
  "scale": "1",
  "frameTags": [
  ],
  "layers": [
   { "name": "Layer 3", "opacity": 255, "blendMode": "normal" }
  ],
  "slices": [
  ]
 }
}
