{ "frames": {
   "Sprite-0001 0.": {
    "frame": { "x": 0, "y": 0, "w": 10, "h": 10 },
    "rotated": false,
    "trimmed": false,
    "spriteSourceSize": { "x": 0, "y": 0, "w": 10, "h": 10 },
    "sourceSize": { "w": 10, "h": 10 },
    "duration": 300
   },
   "Sprite-0001 1.": {
    "frame": { "x": 10, "y": 0, "w": 10, "h": 10 },
    "rotated": false,
    "trimmed": false,
    "spriteSourceSize": { "x": 0, "y": 0, "w": 10, "h": 10 },
    "sourceSize": { "w": 10, "h": 10 },
    "duration": 300
   },
   "Sprite-0001 2.": {
    "frame": { "x": 20, "y": 0, "w": 10, "h": 10 },
    "rotated": false,
    "trimmed": false,
    "spriteSourceSize": { "x": 0, "y": 0, "w": 10, "h": 10 },
    "sourceSize": { "w": 10, "h": 10 },
    "duration": 300
   },
   "Sprite-0001 3.": {
    "frame": { "x": 30, "y": 0, "w": 10, "h": 10 },
    "rotated": false,
    "trimmed": false,
    "spriteSourceSize": { "x": 0, "y": 0, "w": 10, "h": 10 },
    "sourceSize": { "w": 10, "h": 10 },
    "duration": 300
   },
   "Sprite-0001 4.": {
    "frame": { "x": 40, "y": 0, "w": 10, "h": 10 },
    "rotated": false,
    "trimmed": false,
    "spriteSourceSize": { "x": 0, "y": 0, "w": 10, "h": 10 },
    "sourceSize": { "w": 10, "h": 10 },
    "duration": 300
   },
   "Sprite-0001 5.": {
    "frame": { "x": 50, "y": 0, "w": 10, "h": 10 },
    "rotated": false,
    "trimmed": false,
    "spriteSourceSize": { "x": 0, "y": 0, "w": 10, "h": 10 },
    "sourceSize": { "w": 10, "h": 10 },
    "duration": 300
   }
 },
 "meta": {
  "app": "http://www.aseprite.org/",
  "version": "1.2.27-x64",
  "image": "jelly.png",
  "format": "RGBA8888",
  "size": { "w": 60, "h": 10 },
  "scale": "1",
  "frameTags": [
  ],
  "layers": [
   { "name": "Layer 1", "opacity": 255, "blendMode": "normal" }
  ],
  "slices": [
  ]
 }
}
