{ "frames": {
   "octopusSuck 0.aseprite": {
    "frame": { "x": 0, "y": 0, "w": 30, "h": 20 },
    "rotated": false,
    "trimmed": false,
    "spriteSourceSize": { "x": 0, "y": 0, "w": 30, "h": 20 },
    "sourceSize": { "w": 30, "h": 20 },
    "duration": 100
   },
   "octopusSuck 1.aseprite": {
    "frame": { "x": 30, "y": 0, "w": 30, "h": 20 },
    "rotated": false,
    "trimmed": false,
    "spriteSourceSize": { "x": 0, "y": 0, "w": 30, "h": 20 },
    "sourceSize": { "w": 30, "h": 20 },
    "duration": 100
   },
   "octopusSuck 2.aseprite": {
    "frame": { "x": 60, "y": 0, "w": 30, "h": 20 },
    "rotated": false,
    "trimmed": false,
    "spriteSourceSize": { "x": 0, "y": 0, "w": 30, "h": 20 },
    "sourceSize": { "w": 30, "h": 20 },
    "duration": 100
   },
   "octopusSuck 3.aseprite": {
    "frame": { "x": 90, "y": 0, "w": 30, "h": 20 },
    "rotated": false,
    "trimmed": false,
    "spriteSourceSize": { "x": 0, "y": 0, "w": 30, "h": 20 },
    "sourceSize": { "w": 30, "h": 20 },
    "duration": 100
   }
 },
 "meta": {
  "app": "http://www.aseprite.org/",
  "version": "1.2.27-x64",
  "image": "octopusSuck.png",
  "format": "RGBA8888",
  "size": { "w": 120, "h": 20 },
  "scale": "1",
  "frameTags": [
  ],
  "layers": [
   { "name": "Layer 1", "opacity": 255, "blendMode": "normal" }
  ],
  "slices": [
  ]
 }
}
