{ "frames": {
   "octopus 0.aseprite": {
    "frame": { "x": 0, "y": 0, "w": 20, "h": 20 },
    "rotated": false,
    "trimmed": false,
    "spriteSourceSize": { "x": 0, "y": 0, "w": 20, "h": 20 },
    "sourceSize": { "w": 20, "h": 20 },
    "duration": 100
   },
   "octopus 1.aseprite": {
    "frame": { "x": 20, "y": 0, "w": 20, "h": 20 },
    "rotated": false,
    "trimmed": false,
    "spriteSourceSize": { "x": 0, "y": 0, "w": 20, "h": 20 },
    "sourceSize": { "w": 20, "h": 20 },
    "duration": 100
   },
   "octopus 2.aseprite": {
    "frame": { "x": 40, "y": 0, "w": 20, "h": 20 },
    "rotated": false,
    "trimmed": false,
    "spriteSourceSize": { "x": 0, "y": 0, "w": 20, "h": 20 },
    "sourceSize": { "w": 20, "h": 20 },
    "duration": 100
   },
   "octopus 3.aseprite": {
    "frame": { "x": 60, "y": 0, "w": 20, "h": 20 },
    "rotated": false,
    "trimmed": false,
    "spriteSourceSize": { "x": 0, "y": 0, "w": 20, "h": 20 },
    "sourceSize": { "w": 20, "h": 20 },
    "duration": 100
   },
   "octopus 4.aseprite": {
    "frame": { "x": 80, "y": 0, "w": 20, "h": 20 },
    "rotated": false,
    "trimmed": false,
    "spriteSourceSize": { "x": 0, "y": 0, "w": 20, "h": 20 },
    "sourceSize": { "w": 20, "h": 20 },
    "duration": 100
   },
   "octopus 5.aseprite": {
    "frame": { "x": 100, "y": 0, "w": 20, "h": 20 },
    "rotated": false,
    "trimmed": false,
    "spriteSourceSize": { "x": 0, "y": 0, "w": 20, "h": 20 },
    "sourceSize": { "w": 20, "h": 20 },
    "duration": 100
   }
 },
 "meta": {
  "app": "http://www.aseprite.org/",
  "version": "1.2.27-x64",
  "image": "octopus.png",
  "format": "RGBA8888",
  "size": { "w": 120, "h": 20 },
  "scale": "1",
  "frameTags": [
  ],
  "layers": [
   { "name": "Layer 1", "opacity": 255, "blendMode": "normal" }
  ],
  "slices": [
  ]
 }
}
