{ "frames": {
   "pufferFish 0.aseprite": {
    "frame": { "x": 0, "y": 0, "w": 39, "h": 25 },
    "rotated": false,
    "trimmed": false,
    "spriteSourceSize": { "x": 0, "y": 0, "w": 39, "h": 25 },
    "sourceSize": { "w": 39, "h": 25 },
    "duration": 100
   },
   "pufferFish 1.aseprite": {
    "frame": { "x": 39, "y": 0, "w": 39, "h": 25 },
    "rotated": false,
    "trimmed": false,
    "spriteSourceSize": { "x": 0, "y": 0, "w": 39, "h": 25 },
    "sourceSize": { "w": 39, "h": 25 },
    "duration": 100
   },
   "pufferFish 2.aseprite": {
    "frame": { "x": 78, "y": 0, "w": 39, "h": 25 },
    "rotated": false,
    "trimmed": false,
    "spriteSourceSize": { "x": 0, "y": 0, "w": 39, "h": 25 },
    "sourceSize": { "w": 39, "h": 25 },
    "duration": 100
   },
   "pufferFish 3.aseprite": {
    "frame": { "x": 117, "y": 0, "w": 39, "h": 25 },
    "rotated": false,
    "trimmed": false,
    "spriteSourceSize": { "x": 0, "y": 0, "w": 39, "h": 25 },
    "sourceSize": { "w": 39, "h": 25 },
    "duration": 100
   }
 },
 "meta": {
  "app": "http://www.aseprite.org/",
  "version": "1.2.27-x64",
  "image": "pufferFishAttack.png",
  "format": "RGBA8888",
  "size": { "w": 156, "h": 25 },
  "scale": "1",
  "frameTags": [
  ],
  "layers": [
   { "name": "Layer 1", "opacity": 255, "blendMode": "normal" }
  ],
  "slices": [
  ]
 }
}
