{ "frames": {
   "whirlpool 0.aseprite": {
    "frame": { "x": 0, "y": 0, "w": 20, "h": 20 },
    "rotated": false,
    "trimmed": false,
    "spriteSourceSize": { "x": 0, "y": 0, "w": 20, "h": 20 },
    "sourceSize": { "w": 20, "h": 20 },
    "duration": 300
   },
   "whirlpool 1.aseprite": {
    "frame": { "x": 20, "y": 0, "w": 20, "h": 20 },
    "rotated": false,
    "trimmed": false,
    "spriteSourceSize": { "x": 0, "y": 0, "w": 20, "h": 20 },
    "sourceSize": { "w": 20, "h": 20 },
    "duration": 300
   },
   "whirlpool 2.aseprite": {
    "frame": { "x": 40, "y": 0, "w": 20, "h": 20 },
    "rotated": false,
    "trimmed": false,
    "spriteSourceSize": { "x": 0, "y": 0, "w": 20, "h": 20 },
    "sourceSize": { "w": 20, "h": 20 },
    "duration": 300
   },
   "whirlpool 3.aseprite": {
    "frame": { "x": 60, "y": 0, "w": 20, "h": 20 },
    "rotated": false,
    "trimmed": false,
    "spriteSourceSize": { "x": 0, "y": 0, "w": 20, "h": 20 },
    "sourceSize": { "w": 20, "h": 20 },
    "duration": 300
   }
 },
 "meta": {
  "app": "http://www.aseprite.org/",
  "version": "1.2.27-x64",
  "image": "whirlpool.png",
  "format": "RGBA8888",
  "size": { "w": 80, "h": 20 },
  "scale": "1",
  "frameTags": [
  ],
  "layers": [
   { "name": "Layer 1", "opacity": 255, "blendMode": "normal" },
   { "name": "Layer 2", "opacity": 255, "blendMode": "normal" }
  ],
  "slices": [
  ]
 }
}
