[{"x":360,"y":15,"width":720,"height":30},{"x":50,"y":35,"width":100,"height":10},{"x":425,"y":35,"width":590,"height":10},{"x":45,"y":65,"width":90,"height":50},{"x":430,"y":50,"width":580,"height":20},{"x":220,"y":65,"width":160,"height":10},{"x":315,"y":65,"width":10,"height":10},{"x":345,"y":70,"width":10,"height":20},{"x":390,"y":70,"width":20,"height":20},{"x":420,"y":65,"width":20,"height":10},{"x":465,"y":70,"width":10,"height":20},{"x":495,"y":65,"width":10,"height":10},{"x":615,"y":65,"width":210,"height":10},{"x":170,"y":75,"width":60,"height":10},{"x":260,"y":75,"width":100,"height":10},{"x":525,"y":75,"width":10,"height":10},{"x":545,"y":80,"width":10,"height":20},{"x":640,"y":75,"width":160,"height":10},{"x":155,"y":90,"width":10,"height":20},{"x":190,"y":85,"width":20,"height":10},{"x":255,"y":85,"width":70,"height":10},{"x":385,"y":90,"width":10,"height":20},{"x":565,"y":85,"width":10,"height":10},{"x":660,"y":85,"width":120,"height":10},{"x":35,"y":105,"width":70,"height":30},{"x":195,"y":95,"width":10,"height":10},{"x":225,"y":105,"width":10,"height":30},{"x":265,"y":95,"width":30,"height":10},{"x":670,"y":105,"width":100,"height":30},{"x":270,"y":105,"width":20,"height":10},{"x":265,"y":120,"width":10,"height":20},{"x":355,"y":120,"width":10,"height":20},{"x":395,"y":115,"width":10,"height":10},{"x":30,"y":425,"width":60,"height":610},{"x":365,"y":125,"width":10,"height":10},{"x":395,"y":125,"width":30,"height":10},{"x":675,"y":125,"width":90,"height":10},{"x":95,"y":140,"width":10,"height":20},{"x":380,"y":135,"width":80,"height":10},{"x":575,"y":135,"width":10,"height":10},{"x":680,"y":165,"width":80,"height":70},{"x":70,"y":145,"width":20,"height":10},{"x":310,"y":145,"width":20,"height":10},{"x":375,"y":145,"width":90,"height":10},{"x":605,"y":150,"width":10,"height":20},{"x":85,"y":155,"width":50,"height":10},{"x":370,"y":160,"width":120,"height":20},{"x":530,"y":165,"width":40,"height":30},{"x":95,"y":165,"width":70,"height":10},{"x":160,"y":170,"width":20,"height":20},{"x":195,"y":170,"width":10,"height":20},{"x":555,"y":165,"width":10,"height":10},{"x":100,"y":175,"width":80,"height":10},{"x":175,"y":175,"width":10,"height":10},{"x":365,"y":180,"width":130,"height":20},{"x":555,"y":175,"width":10,"height":10},{"x":580,"y":175,"width":20,"height":10},{"x":140,"y":185,"width":160,"height":10},{"x":525,"y":185,"width":70,"height":10},{"x":155,"y":195,"width":190,"height":10},{"x":375,"y":195,"width":130,"height":10},{"x":515,"y":195,"width":90,"height":10},{"x":155,"y":205,"width":190,"height":10},{"x":365,"y":205,"width":110,"height":10},{"x":525,"y":205,"width":90,"height":10},{"x":615,"y":210,"width":10,"height":20},{"x":685,"y":220,"width":70,"height":40},{"x":150,"y":215,"width":180,"height":10},{"x":370,"y":215,"width":80,"height":10},{"x":530,"y":220,"width":80,"height":20},{"x":155,"y":225,"width":190,"height":10},{"x":265,"y":225,"width":10,"height":10},{"x":365,"y":225,"width":70,"height":10},{"x":585,"y":225,"width":10,"height":10},{"x":170,"y":235,"width":220,"height":10},{"x":375,"y":240,"width":70,"height":20},{"x":535,"y":235,"width":70,"height":10},{"x":170,"y":245,"width":220,"height":10},{"x":420,"y":245,"width":20,"height":10},{"x":525,"y":245,"width":90,"height":10},{"x":680,"y":245,"width":80,"height":10},{"x":175,"y":255,"width":230,"height":10},{"x":375,"y":255,"width":90,"height":10},{"x":535,"y":275,"width":70,"height":50},{"x":600,"y":255,"width":20,"height":10},{"x":675,"y":260,"width":90,"height":20},{"x":175,"y":265,"width":230,"height":10},{"x":380,"y":270,"width":60,"height":20},{"x":175,"y":275,"width":230,"height":10},{"x":575,"y":275,"width":10,"height":10},{"x":670,"y":275,"width":100,"height":10},{"x":105,"y":285,"width":90,"height":10},{"x":230,"y":285,"width":120,"height":10},{"x":385,"y":285,"width":50,"height":10},{"x":645,"y":285,"width":150,"height":10},{"x":80,"y":295,"width":40,"height":10},{"x":140,"y":295,"width":20,"height":10},{"x":245,"y":295,"width":90,"height":10},{"x":380,"y":295,"width":40,"height":10},{"x":645,"y":295,"width":150,"height":10},{"x":85,"y":305,"width":50,"height":10},{"x":185,"y":305,"width":30,"height":10},{"x":255,"y":305,"width":90,"height":10},{"x":620,"y":310,"width":200,"height":20},{"x":70,"y":315,"width":20,"height":10},{"x":95,"y":315,"width":10,"height":10},{"x":235,"y":315,"width":90,"height":10},{"x":65,"y":325,"width":10,"height":10},{"x":245,"y":325,"width":70,"height":10},{"x":630,"y":325,"width":180,"height":10},{"x":70,"y":335,"width":20,"height":10},{"x":250,"y":335,"width":60,"height":10},{"x":480,"y":335,"width":20,"height":10},{"x":545,"y":335,"width":10,"height":10},{"x":655,"y":335,"width":130,"height":10},{"x":80,"y":345,"width":20,"height":10},{"x":245,"y":345,"width":10,"height":10},{"x":265,"y":350,"width":10,"height":20},{"x":485,"y":345,"width":10,"height":10},{"x":660,"y":355,"width":120,"height":30},{"x":75,"y":355,"width":10,"height":10},{"x":480,"y":360,"width":20,"height":20},{"x":65,"y":365,"width":10,"height":10},{"x":570,"y":365,"width":40,"height":10},{"x":555,"y":380,"width":30,"height":20},{"x":670,"y":375,"width":100,"height":10},{"x":65,"y":385,"width":10,"height":10},{"x":505,"y":390,"width":10,"height":20},{"x":575,"y":385,"width":10,"height":10},{"x":680,"y":385,"width":80,"height":10},{"x":235,"y":405,"width":10,"height":30},{"x":340,"y":395,"width":20,"height":10},{"x":480,"y":395,"width":20,"height":10},{"x":570,"y":395,"width":40,"height":10},{"x":685,"y":395,"width":70,"height":10},{"x":70,"y":405,"width":20,"height":10},{"x":245,"y":405,"width":10,"height":10},{"x":320,"y":405,"width":40,"height":10},{"x":485,"y":405,"width":50,"height":10},{"x":585,"y":405,"width":10,"height":10},{"x":680,"y":410,"width":80,"height":20},{"x":70,"y":415,"width":20,"height":10},{"x":170,"y":415,"width":20,"height":10},{"x":215,"y":415,"width":10,"height":10},{"x":245,"y":415,"width":10,"height":10},{"x":310,"y":415,"width":60,"height":10},{"x":465,"y":425,"width":30,"height":30},{"x":500,"y":415,"width":20,"height":10},{"x":615,"y":415,"width":10,"height":10},{"x":70,"y":425,"width":20,"height":10},{"x":125,"y":425,"width":10,"height":10},{"x":250,"y":425,"width":160,"height":10},{"x":660,"y":430,"width":120,"height":20},{"x":70,"y":435,"width":20,"height":10},{"x":110,"y":460,"width":40,"height":60},{"x":225,"y":435,"width":170,"height":10},{"x":490,"y":435,"width":20,"height":10},{"x":70,"y":445,"width":20,"height":10},{"x":215,"y":445,"width":170,"height":10},{"x":425,"y":450,"width":10,"height":20},{"x":485,"y":445,"width":50,"height":10},{"x":540,"y":445,"width":20,"height":10},{"x":650,"y":445,"width":140,"height":10},{"x":70,"y":455,"width":20,"height":10},{"x":210,"y":455,"width":160,"height":10},{"x":395,"y":460,"width":10,"height":20},{"x":540,"y":465,"width":40,"height":30},{"x":585,"y":455,"width":10,"height":10},{"x":660,"y":455,"width":120,"height":10},{"x":70,"y":465,"width":20,"height":10},{"x":205,"y":465,"width":150,"height":10},{"x":420,"y":465,"width":40,"height":10},{"x":680,"y":480,"width":80,"height":40},{"x":70,"y":475,"width":20,"height":10},{"x":200,"y":475,"width":140,"height":10},{"x":405,"y":475,"width":50,"height":10},{"x":565,"y":475,"width":10,"height":10},{"x":70,"y":485,"width":20,"height":10},{"x":170,"y":485,"width":80,"height":10},{"x":410,"y":485,"width":40,"height":10},{"x":525,"y":490,"width":10,"height":20},{"x":560,"y":485,"width":20,"height":10},{"x":70,"y":495,"width":20,"height":10},{"x":140,"y":495,"width":80,"height":10},{"x":240,"y":495,"width":40,"height":10},{"x":415,"y":500,"width":10,"height":20},{"x":475,"y":500,"width":10,"height":20},{"x":625,"y":495,"width":10,"height":10},{"x":70,"y":505,"width":20,"height":10},{"x":135,"y":505,"width":70,"height":10},{"x":225,"y":505,"width":70,"height":10},{"x":305,"y":505,"width":10,"height":10},{"x":365,"y":515,"width":10,"height":30},{"x":580,"y":505,"width":20,"height":10},{"x":665,"y":520,"width":110,"height":40},{"x":65,"y":515,"width":10,"height":10},{"x":125,"y":515,"width":50,"height":10},{"x":220,"y":515,"width":80,"height":10},{"x":300,"y":525,"width":20,"height":30},{"x":485,"y":515,"width":50,"height":10},{"x":580,"y":515,"width":40,"height":10},{"x":65,"y":525,"width":10,"height":10},{"x":120,"y":530,"width":40,"height":20},{"x":215,"y":545,"width":90,"height":50},{"x":375,"y":525,"width":10,"height":10},{"x":475,"y":525,"width":50,"height":10},{"x":560,"y":530,"width":20,"height":20},{"x":595,"y":525,"width":10,"height":10},{"x":365,"y":640,"width":30,"height":220},{"x":435,"y":600,"width":10,"height":140},{"x":480,"y":535,"width":40,"height":10},{"x":580,"y":535,"width":20,"height":10},{"x":120,"y":545,"width":60,"height":10},{"x":290,"y":565,"width":40,"height":50},{"x":490,"y":545,"width":20,"height":10},{"x":565,"y":545,"width":10,"height":10},{"x":585,"y":545,"width":10,"height":10},{"x":680,"y":545,"width":80,"height":10},{"x":120,"y":555,"width":40,"height":10},{"x":445,"y":555,"width":10,"height":10},{"x":485,"y":555,"width":10,"height":10},{"x":690,"y":605,"width":60,"height":110},{"x":115,"y":580,"width":50,"height":40},{"x":315,"y":565,"width":10,"height":10},{"x":385,"y":565,"width":10,"height":10},{"x":445,"y":565,"width":10,"height":10},{"x":210,"y":580,"width":80,"height":20},{"x":315,"y":575,"width":10,"height":10},{"x":385,"y":575,"width":10,"height":10},{"x":445,"y":575,"width":10,"height":10},{"x":315,"y":585,"width":10,"height":10},{"x":385,"y":585,"width":10,"height":10},{"x":445,"y":585,"width":10,"height":10},{"x":465,"y":630,"width":10,"height":100},{"x":65,"y":595,"width":10,"height":10},{"x":145,"y":600,"width":10,"height":20},{"x":225,"y":595,"width":50,"height":10},{"x":300,"y":625,"width":40,"height":70},{"x":385,"y":595,"width":10,"height":10},{"x":445,"y":595,"width":10,"height":10},{"x":70,"y":605,"width":20,"height":10},{"x":220,"y":610,"width":40,"height":20},{"x":385,"y":605,"width":10,"height":10},{"x":445,"y":605,"width":10,"height":10},{"x":75,"y":615,"width":30,"height":10},{"x":385,"y":615,"width":10,"height":10},{"x":445,"y":615,"width":10,"height":10},{"x":490,"y":615,"width":40,"height":10},{"x":85,"y":625,"width":50,"height":10},{"x":385,"y":625,"width":10,"height":10},{"x":445,"y":625,"width":10,"height":10},{"x":530,"y":625,"width":120,"height":10},{"x":105,"y":635,"width":90,"height":10},{"x":385,"y":635,"width":10,"height":10},{"x":445,"y":635,"width":10,"height":10},{"x":525,"y":635,"width":110,"height":10},{"x":105,"y":645,"width":90,"height":10},{"x":385,"y":645,"width":10,"height":10},{"x":445,"y":645,"width":10,"height":10},{"x":520,"y":645,"width":100,"height":10},{"x":105,"y":655,"width":90,"height":10},{"x":385,"y":655,"width":10,"height":10},{"x":445,"y":655,"width":10,"height":10},{"x":500,"y":655,"width":60,"height":10},{"x":110,"y":665,"width":100,"height":10},{"x":295,"y":665,"width":70,"height":10},{"x":385,"y":665,"width":10,"height":10},{"x":445,"y":665,"width":10,"height":10},{"x":480,"y":665,"width":20,"height":10},{"x":665,"y":665,"width":110,"height":10},{"x":120,"y":675,"width":120,"height":10},{"x":270,"y":675,"width":40,"height":10},{"x":315,"y":675,"width":30,"height":10},{"x":385,"y":675,"width":10,"height":10},{"x":430,"y":705,"width":20,"height":70},{"x":475,"y":675,"width":10,"height":10},{"x":655,"y":675,"width":130,"height":10},{"x":110,"y":685,"width":100,"height":10},{"x":250,"y":685,"width":40,"height":10},{"x":310,"y":695,"width":20,"height":30},{"x":385,"y":685,"width":10,"height":10},{"x":465,"y":685,"width":30,"height":10},{"x":650,"y":685,"width":140,"height":10},{"x":110,"y":695,"width":100,"height":10},{"x":235,"y":695,"width":50,"height":10},{"x":385,"y":695,"width":10,"height":10},{"x":460,"y":695,"width":40,"height":10},{"x":570,"y":695,"width":120,"height":10},{"x":690,"y":740,"width":60,"height":100},{"x":115,"y":705,"width":110,"height":10},{"x":230,"y":710,"width":40,"height":20},{"x":385,"y":705,"width":10,"height":10},{"x":465,"y":705,"width":50,"height":10},{"x":570,"y":705,"width":80,"height":10},{"x":120,"y":715,"width":120,"height":10},{"x":305,"y":740,"width":30,"height":60},{"x":385,"y":715,"width":10,"height":10},{"x":470,"y":715,"width":60,"height":10},{"x":120,"y":725,"width":100,"height":10},{"x":335,"y":730,"width":10,"height":20},{"x":385,"y":725,"width":10,"height":10},{"x":475,"y":725,"width":70,"height":10},{"x":25,"y":740,"width":50,"height":20},{"x":130,"y":735,"width":100,"height":10},{"x":445,"y":735,"width":10,"height":10},{"x":495,"y":735,"width":70,"height":10},{"x":135,"y":750,"width":90,"height":20},{"x":330,"y":745,"width":20,"height":10},{"x":430,"y":755,"width":40,"height":30},{"x":520,"y":745,"width":100,"height":10},{"x":20,"y":1455,"width":40,"height":1410},{"x":350,"y":755,"width":60,"height":10},{"x":530,"y":755,"width":100,"height":10},{"x":145,"y":765,"width":90,"height":10},{"x":350,"y":765,"width":60,"height":10},{"x":545,"y":765,"width":70,"height":10},{"x":150,"y":775,"width":120,"height":10},{"x":335,"y":775,"width":70,"height":10},{"x":425,"y":775,"width":30,"height":10},{"x":565,"y":775,"width":30,"height":10},{"x":45,"y":785,"width":10,"height":10},{"x":135,"y":785,"width":90,"height":10},{"x":340,"y":785,"width":60,"height":10},{"x":430,"y":790,"width":20,"height":20},{"x":45,"y":795,"width":10,"height":10},{"x":130,"y":795,"width":100,"height":10},{"x":340,"y":800,"width":40,"height":20},{"x":615,"y":795,"width":10,"height":10},{"x":680,"y":795,"width":80,"height":10},{"x":45,"y":805,"width":10,"height":10},{"x":120,"y":815,"width":120,"height":30},{"x":435,"y":805,"width":10,"height":10},{"x":610,"y":805,"width":20,"height":10},{"x":675,"y":805,"width":90,"height":10},{"x":45,"y":815,"width":10,"height":10},{"x":185,"y":815,"width":10,"height":10},{"x":340,"y":815,"width":20,"height":10},{"x":665,"y":820,"width":110,"height":20},{"x":45,"y":825,"width":10,"height":10},{"x":195,"y":825,"width":30,"height":10},{"x":335,"y":830,"width":10,"height":20},{"x":45,"y":835,"width":10,"height":10},{"x":155,"y":840,"width":170,"height":20},{"x":575,"y":840,"width":10,"height":20},{"x":660,"y":835,"width":120,"height":10},{"x":50,"y":845,"width":20,"height":10},{"x":260,"y":845,"width":40,"height":10},{"x":655,"y":850,"width":130,"height":20},{"x":50,"y":855,"width":20,"height":10},{"x":195,"y":860,"width":230,"height":20},{"x":570,"y":860,"width":20,"height":20},{"x":50,"y":865,"width":20,"height":10},{"x":315,"y":865,"width":10,"height":10},{"x":525,"y":875,"width":10,"height":30},{"x":650,"y":865,"width":140,"height":10},{"x":50,"y":875,"width":20,"height":10},{"x":205,"y":880,"width":230,"height":20},{"x":495,"y":890,"width":10,"height":40},{"x":630,"y":875,"width":180,"height":10},{"x":50,"y":885,"width":20,"height":10},{"x":625,"y":885,"width":190,"height":10},{"x":50,"y":895,"width":20,"height":10},{"x":210,"y":895,"width":220,"height":10},{"x":610,"y":895,"width":220,"height":10},{"x":55,"y":905,"width":30,"height":10},{"x":215,"y":905,"width":210,"height":10},{"x":610,"y":905,"width":220,"height":10},{"x":55,"y":915,"width":30,"height":10},{"x":195,"y":915,"width":170,"height":10},{"x":295,"y":925,"width":10,"height":30},{"x":455,"y":920,"width":10,"height":20},{"x":600,"y":920,"width":240,"height":20},{"x":55,"y":925,"width":30,"height":10},{"x":200,"y":925,"width":160,"height":10},{"x":465,"y":935,"width":10,"height":30},{"x":50,"y":935,"width":20,"height":10},{"x":85,"y":1035,"width":10,"height":210},{"x":195,"y":935,"width":150,"height":10},{"x":305,"y":935,"width":10,"height":10},{"x":595,"y":935,"width":250,"height":10},{"x":50,"y":945,"width":20,"height":10},{"x":95,"y":945,"width":10,"height":10},{"x":185,"y":945,"width":130,"height":10},{"x":265,"y":950,"width":10,"height":20},{"x":595,"y":945,"width":250,"height":10},{"x":50,"y":955,"width":20,"height":10},{"x":100,"y":955,"width":20,"height":10},{"x":185,"y":955,"width":110,"height":10},{"x":525,"y":955,"width":170,"height":10},{"x":675,"y":955,"width":90,"height":10},{"x":50,"y":965,"width":20,"height":10},{"x":105,"y":965,"width":30,"height":10},{"x":165,"y":965,"width":50,"height":10},{"x":215,"y":975,"width":10,"height":30},{"x":235,"y":965,"width":10,"height":10},{"x":515,"y":965,"width":170,"height":10},{"x":680,"y":970,"width":80,"height":20},{"x":50,"y":975,"width":20,"height":10},{"x":105,"y":975,"width":30,"height":10},{"x":180,"y":975,"width":20,"height":10},{"x":225,"y":975,"width":10,"height":10},{"x":500,"y":975,"width":180,"height":10},{"x":50,"y":985,"width":20,"height":10},{"x":110,"y":985,"width":40,"height":10},{"x":520,"y":985,"width":120,"height":10},{"x":685,"y":990,"width":70,"height":20},{"x":50,"y":995,"width":20,"height":10},{"x":115,"y":995,"width":50,"height":10},{"x":525,"y":995,"width":70,"height":10},{"x":50,"y":1005,"width":20,"height":10},{"x":120,"y":1005,"width":60,"height":10},{"x":690,"y":1135,"width":60,"height":270},{"x":50,"y":1015,"width":20,"height":10},{"x":120,"y":1015,"width":60,"height":10},{"x":50,"y":1025,"width":20,"height":10},{"x":120,"y":1025,"width":60,"height":10},{"x":195,"y":1030,"width":10,"height":20},{"x":615,"y":1035,"width":10,"height":30},{"x":50,"y":1035,"width":20,"height":10},{"x":120,"y":1035,"width":60,"height":10},{"x":205,"y":1035,"width":10,"height":10},{"x":50,"y":1045,"width":20,"height":10},{"x":120,"y":1045,"width":60,"height":10},{"x":200,"y":1065,"width":40,"height":50},{"x":285,"y":1050,"width":10,"height":20},{"x":465,"y":1055,"width":10,"height":30},{"x":625,"y":1045,"width":10,"height":10},{"x":50,"y":1055,"width":20,"height":10},{"x":120,"y":1055,"width":60,"height":10},{"x":225,"y":1055,"width":10,"height":10},{"x":295,"y":1055,"width":10,"height":10},{"x":615,"y":1055,"width":50,"height":10},{"x":50,"y":1065,"width":20,"height":10},{"x":115,"y":1065,"width":50,"height":10},{"x":265,"y":1065,"width":90,"height":10},{"x":375,"y":1075,"width":10,"height":30},{"x":475,"y":1065,"width":10,"height":10},{"x":585,"y":1080,"width":110,"height":40},{"x":50,"y":1075,"width":20,"height":10},{"x":115,"y":1075,"width":50,"height":10},{"x":275,"y":1075,"width":110,"height":10},{"x":385,"y":1075,"width":10,"height":10},{"x":465,"y":1075,"width":70,"height":10},{"x":50,"y":1085,"width":20,"height":10},{"x":115,"y":1085,"width":50,"height":10},{"x":280,"y":1085,"width":120,"height":10},{"x":385,"y":1085,"width":10,"height":10},{"x":455,"y":1085,"width":90,"height":10},{"x":50,"y":1095,"width":20,"height":10},{"x":120,"y":1095,"width":60,"height":10},{"x":265,"y":1095,"width":150,"height":10},{"x":435,"y":1105,"width":150,"height":30},{"x":50,"y":1105,"width":20,"height":10},{"x":120,"y":1105,"width":60,"height":10},{"x":210,"y":1105,"width":20,"height":10},{"x":310,"y":1105,"width":60,"height":10},{"x":595,"y":1105,"width":90,"height":10},{"x":50,"y":1115,"width":20,"height":10},{"x":115,"y":1115,"width":50,"height":10},{"x":205,"y":1115,"width":10,"height":10},{"x":320,"y":1115,"width":60,"height":10},{"x":605,"y":1125,"width":70,"height":30},{"x":50,"y":1125,"width":20,"height":10},{"x":115,"y":1125,"width":50,"height":10},{"x":325,"y":1125,"width":50,"height":10},{"x":400,"y":1125,"width":80,"height":10},{"x":490,"y":1135,"width":40,"height":30},{"x":50,"y":1135,"width":20,"height":10},{"x":115,"y":1265,"width":50,"height":270},{"x":310,"y":1135,"width":60,"height":10},{"x":515,"y":1135,"width":10,"height":10},{"x":50,"y":1145,"width":20,"height":10},{"x":275,"y":1145,"width":110,"height":10},{"x":405,"y":1150,"width":10,"height":20},{"x":515,"y":1145,"width":10,"height":10},{"x":615,"y":1155,"width":50,"height":30},{"x":50,"y":1155,"width":20,"height":10},{"x":265,"y":1160,"width":110,"height":20},{"x":415,"y":1155,"width":10,"height":10},{"x":500,"y":1155,"width":40,"height":10},{"x":50,"y":1165,"width":20,"height":10},{"x":150,"y":1165,"width":20,"height":10},{"x":415,"y":1165,"width":70,"height":10},{"x":490,"y":1185,"width":40,"height":50},{"x":50,"y":1175,"width":20,"height":10},{"x":155,"y":1175,"width":30,"height":10},{"x":255,"y":1175,"width":90,"height":10},{"x":410,"y":1175,"width":80,"height":10},{"x":600,"y":1185,"width":80,"height":30},{"x":50,"y":1185,"width":20,"height":10},{"x":160,"y":1185,"width":40,"height":10},{"x":240,"y":1185,"width":40,"height":10},{"x":410,"y":1190,"width":100,"height":20},{"x":50,"y":1195,"width":20,"height":10},{"x":160,"y":1195,"width":40,"height":10},{"x":240,"y":1200,"width":20,"height":20},{"x":50,"y":1205,"width":20,"height":10},{"x":160,"y":1205,"width":40,"height":10},{"x":255,"y":1205,"width":10,"height":10},{"x":375,"y":1205,"width":90,"height":10},{"x":445,"y":1205,"width":30,"height":10},{"x":595,"y":1205,"width":90,"height":10},{"x":50,"y":1215,"width":20,"height":10},{"x":160,"y":1215,"width":40,"height":10},{"x":250,"y":1215,"width":20,"height":10},{"x":385,"y":1215,"width":70,"height":10},{"x":600,"y":1215,"width":80,"height":10},{"x":50,"y":1225,"width":20,"height":10},{"x":160,"y":1225,"width":40,"height":10},{"x":260,"y":1245,"width":20,"height":50},{"x":390,"y":1230,"width":60,"height":20},{"x":605,"y":1225,"width":70,"height":10},{"x":50,"y":1235,"width":20,"height":10},{"x":165,"y":1235,"width":50,"height":10},{"x":280,"y":1235,"width":20,"height":10},{"x":430,"y":1235,"width":20,"height":10},{"x":610,"y":1235,"width":60,"height":10},{"x":50,"y":1245,"width":20,"height":10},{"x":165,"y":1245,"width":50,"height":10},{"x":310,"y":1245,"width":80,"height":10},{"x":410,"y":1250,"width":60,"height":20},{"x":605,"y":1305,"width":50,"height":130},{"x":50,"y":1255,"width":20,"height":10},{"x":170,"y":1255,"width":60,"height":10},{"x":315,"y":1255,"width":90,"height":10},{"x":455,"y":1255,"width":30,"height":10},{"x":535,"y":1260,"width":10,"height":20},{"x":50,"y":1265,"width":20,"height":10},{"x":150,"y":1265,"width":20,"height":10},{"x":195,"y":1270,"width":50,"height":20},{"x":320,"y":1265,"width":100,"height":10},{"x":440,"y":1265,"width":80,"height":10},{"x":50,"y":1275,"width":20,"height":10},{"x":145,"y":1275,"width":10,"height":10},{"x":225,"y":1275,"width":10,"height":10},{"x":310,"y":1275,"width":80,"height":10},{"x":455,"y":1280,"width":50,"height":20},{"x":530,"y":1290,"width":20,"height":40},{"x":695,"y":1320,"width":50,"height":100},{"x":50,"y":1285,"width":20,"height":10},{"x":145,"y":1285,"width":10,"height":10},{"x":210,"y":1285,"width":60,"height":10},{"x":50,"y":1295,"width":20,"height":10},{"x":195,"y":1295,"width":10,"height":10},{"x":465,"y":1295,"width":30,"height":10},{"x":50,"y":1305,"width":20,"height":10},{"x":370,"y":1310,"width":20,"height":20},{"x":55,"y":1315,"width":30,"height":10},{"x":145,"y":1315,"width":10,"height":10},{"x":390,"y":1315,"width":20,"height":10},{"x":520,"y":1340,"width":40,"height":60},{"x":555,"y":1315,"width":10,"height":10},{"x":55,"y":1325,"width":30,"height":10},{"x":145,"y":1325,"width":10,"height":10},{"x":265,"y":1325,"width":10,"height":10},{"x":365,"y":1325,"width":110,"height":10},{"x":555,"y":1325,"width":30,"height":10},{"x":55,"y":1335,"width":30,"height":10},{"x":150,"y":1335,"width":20,"height":10},{"x":205,"y":1335,"width":10,"height":10},{"x":330,"y":1335,"width":200,"height":10},{"x":555,"y":1335,"width":30,"height":10},{"x":635,"y":1335,"width":10,"height":10},{"x":55,"y":1345,"width":30,"height":10},{"x":155,"y":1345,"width":10,"height":10},{"x":200,"y":1370,"width":20,"height":60},{"x":275,"y":1355,"width":90,"height":30},{"x":395,"y":1345,"width":90,"height":10},{"x":555,"y":1345,"width":30,"height":10},{"x":640,"y":1345,"width":20,"height":10},{"x":55,"y":1355,"width":30,"height":10},{"x":415,"y":1355,"width":70,"height":10},{"x":555,"y":1355,"width":30,"height":10},{"x":640,"y":1355,"width":20,"height":10},{"x":55,"y":1365,"width":30,"height":10},{"x":355,"y":1385,"width":10,"height":50},{"x":420,"y":1365,"width":60,"height":10},{"x":555,"y":1365,"width":30,"height":10},{"x":645,"y":1365,"width":30,"height":10},{"x":55,"y":1375,"width":30,"height":10},{"x":215,"y":1375,"width":10,"height":10},{"x":285,"y":1375,"width":70,"height":10},{"x":410,"y":1375,"width":100,"height":10},{"x":540,"y":1380,"width":60,"height":20},{"x":655,"y":1375,"width":130,"height":10},{"x":55,"y":1385,"width":30,"height":10},{"x":215,"y":1385,"width":10,"height":10},{"x":290,"y":1385,"width":60,"height":10},{"x":410,"y":1385,"width":100,"height":10},{"x":660,"y":1390,"width":120,"height":20},{"x":55,"y":1395,"width":30,"height":10},{"x":150,"y":1395,"width":20,"height":10},{"x":225,"y":1395,"width":30,"height":10},{"x":285,"y":1395,"width":50,"height":10},{"x":410,"y":1395,"width":100,"height":10},{"x":535,"y":1405,"width":70,"height":30},{"x":55,"y":1405,"width":30,"height":10},{"x":120,"y":1445,"width":80,"height":90},{"x":210,"y":1405,"width":60,"height":10},{"x":290,"y":1410,"width":40,"height":20},{"x":410,"y":1405,"width":100,"height":10},{"x":665,"y":1405,"width":110,"height":10},{"x":55,"y":1415,"width":30,"height":10},{"x":165,"y":1415,"width":10,"height":10},{"x":205,"y":1420,"width":50,"height":20},{"x":420,"y":1415,"width":100,"height":10},{"x":670,"y":1415,"width":100,"height":10},{"x":55,"y":1425,"width":30,"height":10},{"x":165,"y":1425,"width":10,"height":10},{"x":290,"y":1430,"width":20,"height":20},{"x":435,"y":1425,"width":70,"height":10},{"x":530,"y":1445,"width":40,"height":50},{"x":565,"y":1430,"width":10,"height":20},{"x":675,"y":1440,"width":90,"height":40},{"x":55,"y":1435,"width":30,"height":10},{"x":195,"y":1435,"width":70,"height":10},{"x":425,"y":1435,"width":90,"height":10},{"x":575,"y":1435,"width":10,"height":10},{"x":55,"y":1445,"width":30,"height":10},{"x":200,"y":1445,"width":80,"height":10},{"x":295,"y":1445,"width":10,"height":10},{"x":415,"y":1445,"width":110,"height":10},{"x":55,"y":1455,"width":30,"height":10},{"x":200,"y":1455,"width":80,"height":10},{"x":415,"y":1455,"width":90,"height":10},{"x":55,"y":1465,"width":30,"height":10},{"x":200,"y":1465,"width":80,"height":10},{"x":400,"y":1465,"width":40,"height":10},{"x":450,"y":1465,"width":20,"height":10},{"x":670,"y":1465,"width":100,"height":10},{"x":55,"y":1475,"width":30,"height":10},{"x":200,"y":1475,"width":80,"height":10},{"x":320,"y":1475,"width":80,"height":10},{"x":455,"y":1475,"width":10,"height":10},{"x":525,"y":1475,"width":10,"height":10},{"x":660,"y":1475,"width":120,"height":10},{"x":55,"y":1485,"width":30,"height":10},{"x":195,"y":1485,"width":70,"height":10},{"x":340,"y":1485,"width":80,"height":10},{"x":650,"y":1485,"width":140,"height":10},{"x":55,"y":1495,"width":30,"height":10},{"x":175,"y":1505,"width":110,"height":30},{"x":350,"y":1505,"width":80,"height":30},{"x":430,"y":1495,"width":20,"height":10},{"x":635,"y":1495,"width":170,"height":10},{"x":55,"y":1505,"width":30,"height":10},{"x":555,"y":1505,"width":330,"height":10},{"x":65,"y":1515,"width":50,"height":10},{"x":555,"y":1515,"width":330,"height":10},{"x":65,"y":1525,"width":50,"height":10},{"x":180,"y":1530,"width":100,"height":20},{"x":520,"y":1530,"width":400,"height":20},{"x":65,"y":1535,"width":50,"height":10},{"x":70,"y":1545,"width":60,"height":10},{"x":185,"y":1545,"width":70,"height":10},{"x":485,"y":1545,"width":310,"height":10},{"x":690,"y":1545,"width":60,"height":10},{"x":70,"y":1555,"width":60,"height":10},{"x":185,"y":1555,"width":50,"height":10},{"x":475,"y":1555,"width":290,"height":10},{"x":695,"y":1560,"width":50,"height":20},{"x":75,"y":1565,"width":70,"height":10},{"x":185,"y":1565,"width":30,"height":10},{"x":460,"y":1565,"width":280,"height":10},{"x":75,"y":1575,"width":70,"height":10},{"x":190,"y":1580,"width":20,"height":20},{"x":440,"y":1575,"width":240,"height":10},{"x":690,"y":1575,"width":60,"height":10},{"x":80,"y":1585,"width":80,"height":10},{"x":430,"y":1585,"width":220,"height":10},{"x":685,"y":1585,"width":70,"height":10},{"x":85,"y":1595,"width":90,"height":10},{"x":195,"y":1595,"width":10,"height":10},{"x":375,"y":1595,"width":110,"height":10},{"x":500,"y":1595,"width":80,"height":10},{"x":680,"y":1595,"width":80,"height":10},{"x":90,"y":1605,"width":100,"height":10},{"x":375,"y":1605,"width":90,"height":10},{"x":475,"y":1605,"width":10,"height":10},{"x":675,"y":1610,"width":90,"height":20},{"x":90,"y":1615,"width":100,"height":10},{"x":355,"y":1615,"width":50,"height":10},{"x":405,"y":1615,"width":30,"height":10},{"x":590,"y":1620,"width":60,"height":20},{"x":95,"y":1625,"width":110,"height":10},{"x":350,"y":1625,"width":40,"height":10},{"x":670,"y":1625,"width":100,"height":10},{"x":100,"y":1635,"width":120,"height":10},{"x":350,"y":1645,"width":20,"height":30},{"x":630,"y":1640,"width":180,"height":20},{"x":55,"y":1645,"width":30,"height":10},{"x":125,"y":1645,"width":90,"height":10},{"x":55,"y":1655,"width":30,"height":10},{"x":130,"y":1660,"width":80,"height":20},{"x":625,"y":1660,"width":190,"height":20},{"x":55,"y":1665,"width":30,"height":10},{"x":175,"y":1665,"width":10,"height":10},{"x":355,"y":1670,"width":10,"height":20},{"x":55,"y":1675,"width":30,"height":10},{"x":145,"y":1675,"width":90,"height":10},{"x":620,"y":1675,"width":200,"height":10},{"x":55,"y":1685,"width":30,"height":10},{"x":155,"y":1685,"width":90,"height":10},{"x":590,"y":1685,"width":140,"height":10},{"x":695,"y":1840,"width":50,"height":320},{"x":65,"y":1695,"width":50,"height":10},{"x":165,"y":1695,"width":90,"height":10},{"x":570,"y":1695,"width":140,"height":10},{"x":70,"y":1705,"width":60,"height":10},{"x":175,"y":1705,"width":90,"height":10},{"x":550,"y":1705,"width":160,"height":10},{"x":80,"y":1715,"width":80,"height":10},{"x":185,"y":1720,"width":90,"height":20},{"x":540,"y":1715,"width":160,"height":10},{"x":655,"y":1720,"width":10,"height":20},{"x":55,"y":1725,"width":30,"height":10},{"x":115,"y":1745,"width":10,"height":50},{"x":235,"y":1725,"width":10,"height":10},{"x":530,"y":1725,"width":160,"height":10},{"x":55,"y":1735,"width":30,"height":10},{"x":90,"y":1755,"width":20,"height":50},{"x":200,"y":1735,"width":100,"height":10},{"x":505,"y":1735,"width":170,"height":10},{"x":650,"y":1740,"width":20,"height":20},{"x":55,"y":1745,"width":30,"height":10},{"x":195,"y":1760,"width":130,"height":40},{"x":510,"y":1745,"width":140,"height":10},{"x":55,"y":1755,"width":30,"height":10},{"x":265,"y":1755,"width":10,"height":10},{"x":525,"y":1755,"width":110,"height":10},{"x":645,"y":1760,"width":30,"height":20},{"x":55,"y":1765,"width":30,"height":10},{"x":270,"y":1765,"width":20,"height":10},{"x":555,"y":1765,"width":10,"height":10},{"x":55,"y":1775,"width":30,"height":10},{"x":280,"y":1775,"width":40,"height":10},{"x":640,"y":1785,"width":40,"height":30},{"x":55,"y":1785,"width":30,"height":10},{"x":85,"y":1845,"width":10,"height":130},{"x":225,"y":1785,"width":130,"height":10},{"x":410,"y":1785,"width":40,"height":10},{"x":55,"y":1795,"width":30,"height":10},{"x":185,"y":1795,"width":150,"height":10},{"x":460,"y":1795,"width":120,"height":10},{"x":55,"y":1805,"width":30,"height":10},{"x":95,"y":1805,"width":10,"height":10},{"x":180,"y":1805,"width":140,"height":10},{"x":535,"y":1810,"width":250,"height":20},{"x":55,"y":1815,"width":30,"height":10},{"x":95,"y":1815,"width":10,"height":10},{"x":160,"y":1815,"width":100,"height":10},{"x":55,"y":1825,"width":30,"height":10},{"x":95,"y":1825,"width":10,"height":10},{"x":135,"y":1825,"width":50,"height":10},{"x":635,"y":1825,"width":50,"height":10},{"x":55,"y":1835,"width":30,"height":10},{"x":95,"y":1835,"width":10,"height":10},{"x":230,"y":1835,"width":40,"height":10},{"x":290,"y":1835,"width":20,"height":10},{"x":485,"y":1835,"width":170,"height":10},{"x":585,"y":1850,"width":10,"height":40},{"x":645,"y":1840,"width":30,"height":20},{"x":55,"y":1845,"width":30,"height":10},{"x":95,"y":1845,"width":10,"height":10},{"x":120,"y":1845,"width":20,"height":10},{"x":180,"y":1845,"width":80,"height":10},{"x":265,"y":1845,"width":50,"height":10},{"x":325,"y":1875,"width":10,"height":70},{"x":435,"y":1855,"width":10,"height":30},{"x":480,"y":1845,"width":20,"height":10},{"x":520,"y":1845,"width":20,"height":10},{"x":565,"y":1885,"width":10,"height":90},{"x":600,"y":1845,"width":20,"height":10},{"x":55,"y":1855,"width":30,"height":10},{"x":145,"y":1855,"width":10,"height":10},{"x":375,"y":1875,"width":10,"height":50},{"x":470,"y":1855,"width":20,"height":10},{"x":515,"y":1855,"width":10,"height":10},{"x":640,"y":1860,"width":40,"height":20},{"x":55,"y":1865,"width":30,"height":10},{"x":115,"y":1935,"width":10,"height":150},{"x":140,"y":1865,"width":20,"height":10},{"x":235,"y":1865,"width":130,"height":10},{"x":345,"y":1890,"width":10,"height":60},{"x":405,"y":1875,"width":10,"height":30},{"x":465,"y":1865,"width":10,"height":10},{"x":510,"y":1865,"width":20,"height":10},{"x":545,"y":1865,"width":10,"height":10},{"x":600,"y":1865,"width":20,"height":10},{"x":55,"y":1875,"width":30,"height":10},{"x":135,"y":1925,"width":10,"height":110},{"x":175,"y":1875,"width":10,"height":10},{"x":460,"y":1875,"width":20,"height":10},{"x":500,"y":1875,"width":20,"height":10},{"x":540,"y":1875,"width":20,"height":10},{"x":605,"y":1875,"width":10,"height":10},{"x":645,"y":1875,"width":30,"height":10},{"x":55,"y":1885,"width":30,"height":10},{"x":165,"y":1885,"width":30,"height":10},{"x":220,"y":1885,"width":60,"height":10},{"x":285,"y":1885,"width":50,"height":10},{"x":455,"y":1885,"width":10,"height":10},{"x":490,"y":1885,"width":20,"height":10},{"x":535,"y":1885,"width":30,"height":10},{"x":600,"y":1885,"width":40,"height":10},{"x":655,"y":1885,"width":10,"height":10},{"x":55,"y":1895,"width":30,"height":10},{"x":155,"y":1925,"width":10,"height":70},{"x":210,"y":1895,"width":20,"height":10},{"x":235,"y":1895,"width":10,"height":10},{"x":420,"y":1895,"width":80,"height":10},{"x":485,"y":1895,"width":10,"height":10},{"x":520,"y":1895,"width":20,"height":10},{"x":545,"y":1915,"width":10,"height":50},{"x":615,"y":1930,"width":10,"height":80},{"x":645,"y":1895,"width":30,"height":10},{"x":55,"y":1905,"width":30,"height":10},{"x":95,"y":1970,"width":10,"height":140},{"x":180,"y":1905,"width":20,"height":10},{"x":275,"y":1905,"width":50,"height":10},{"x":480,"y":1905,"width":20,"height":10},{"x":510,"y":1905,"width":20,"height":10},{"x":635,"y":1935,"width":10,"height":70},{"x":655,"y":1940,"width":10,"height":80},{"x":55,"y":1915,"width":30,"height":10},{"x":230,"y":1915,"width":60,"height":10},{"x":310,"y":1915,"width":40,"height":10},{"x":415,"y":1915,"width":130,"height":10},{"x":505,"y":1915,"width":10,"height":10},{"x":55,"y":1925,"width":30,"height":10},{"x":190,"y":1930,"width":20,"height":20},{"x":295,"y":1950,"width":10,"height":60},{"x":500,"y":1925,"width":20,"height":10},{"x":585,"y":1925,"width":30,"height":10},{"x":55,"y":1935,"width":30,"height":10},{"x":240,"y":1935,"width":80,"height":10},{"x":340,"y":1935,"width":60,"height":10},{"x":440,"y":1935,"width":120,"height":10},{"x":555,"y":1940,"width":10,"height":20},{"x":595,"y":1955,"width":10,"height":50},{"x":55,"y":1945,"width":30,"height":10},{"x":185,"y":1950,"width":10,"height":20},{"x":275,"y":1975,"width":10,"height":70},{"x":315,"y":1950,"width":10,"height":20},{"x":570,"y":1945,"width":20,"height":10},{"x":55,"y":1955,"width":30,"height":10},{"x":165,"y":1960,"width":10,"height":20},{"x":230,"y":1955,"width":60,"height":10},{"x":335,"y":1955,"width":30,"height":10},{"x":440,"y":1955,"width":120,"height":10},{"x":575,"y":1955,"width":10,"height":10},{"x":55,"y":1965,"width":30,"height":10},{"x":180,"y":1965,"width":20,"height":10},{"x":205,"y":1970,"width":10,"height":20},{"x":255,"y":1995,"width":10,"height":70},{"x":355,"y":1965,"width":30,"height":10},{"x":535,"y":1965,"width":90,"height":10},{"x":55,"y":1975,"width":30,"height":10},{"x":145,"y":1980,"width":10,"height":20},{"x":235,"y":2000,"width":10,"height":60},{"x":305,"y":1980,"width":10,"height":20},{"x":395,"y":1975,"width":90,"height":10},{"x":495,"y":1975,"width":10,"height":10},{"x":55,"y":1985,"width":30,"height":10},{"x":180,"y":1985,"width":60,"height":10},{"x":325,"y":1985,"width":30,"height":10},{"x":440,"y":1985,"width":20,"height":10},{"x":495,"y":1995,"width":30,"height":30},{"x":590,"y":1985,"width":140,"height":10},{"x":55,"y":1995,"width":30,"height":10},{"x":165,"y":1995,"width":10,"height":10},{"x":350,"y":1995,"width":40,"height":10},{"x":445,"y":2005,"width":10,"height":30},{"x":55,"y":2005,"width":30,"height":10},{"x":170,"y":2005,"width":100,"height":10},{"x":285,"y":2010,"width":10,"height":20},{"x":390,"y":2005,"width":60,"height":10},{"x":620,"y":2005,"width":200,"height":10},{"x":55,"y":2015,"width":30,"height":10},{"x":175,"y":2015,"width":70,"height":10},{"x":320,"y":2015,"width":60,"height":10},{"x":415,"y":2015,"width":10,"height":10},{"x":500,"y":2015,"width":20,"height":10},{"x":695,"y":2015,"width":50,"height":10},{"x":55,"y":2025,"width":30,"height":10},{"x":105,"y":2025,"width":10,"height":10},{"x":265,"y":2030,"width":10,"height":20},{"x":530,"y":2025,"width":380,"height":10},{"x":55,"y":2035,"width":30,"height":10},{"x":170,"y":2040,"width":140,"height":20},{"x":300,"y":2035,"width":60,"height":10},{"x":695,"y":2035,"width":50,"height":10},{"x":55,"y":2045,"width":30,"height":10},{"x":245,"y":2045,"width":10,"height":10},{"x":350,"y":2045,"width":60,"height":10},{"x":605,"y":2050,"width":230,"height":20},{"x":45,"y":2055,"width":10,"height":10},{"x":215,"y":2055,"width":170,"height":10},{"x":370,"y":2055,"width":40,"height":10},{"x":45,"y":2065,"width":10,"height":10},{"x":265,"y":2065,"width":250,"height":10},{"x":600,"y":2070,"width":240,"height":20},{"x":270,"y":2080,"width":240,"height":20},{"x":395,"y":2085,"width":10,"height":10},{"x":595,"y":2085,"width":250,"height":10},{"x":45,"y":2095,"width":10,"height":10},{"x":425,"y":2095,"width":590,"height":10},{"x":50,"y":2105,"width":20,"height":10},{"x":420,"y":2105,"width":600,"height":10},{"x":380,"y":2115,"width":680,"height":10},{"x":380,"y":2125,"width":680,"height":10},{"x":380,"y":2135,"width":680,"height":10},{"x":380,"y":2145,"width":680,"height":10},{"x":380,"y":2155,"width":680,"height":10}]