{
    "end_position": {
        "x": 440.0,
        "y": 2090.0
    },
    "player_spawn": {
        "x": 120.0,
        "y": 50.0
    },
    "fish": [
        {"x":191, "y":141},
        {"x":585, "y":158},
        {"x":613, "y":241},
        {"x":449, "y":232},
        {"x":315, "y":287},
        {"x":543, "y":415},
        {"x":609, "y":401},
        {"x":596, "y":490},
        {"x":497, "y":479},
        {"x":274, "y":524},
        {"x":415, "y":582},
        {"x":89, "y":535},
        {"x":72, "y":555},
        {"x":75, "y":586},
        {"x":250, "y":748},
        {"x":630, "y":767},
        {"x":407, "y":899},
        {"x":311, "y":978},
        {"x":393, "y":1055},
        {"x":66, "y":792},
        {"x":79, "y":770},
        {"x":74, "y":754},
        {"x":52, "y":763},
        {"x":68, "y":761},
        {"x":252, "y":1122},
        {"x":434, "y":1223},
        {"x":624, "y":968},
        {"x":655, "y":1343},
        {"x":645, "y":1314},
        {"x":560, "y":1450},
        {"x":362, "y":1427},
        {"x":385, "y":1365},
        {"x":367, "y":1358},
        {"x":162, "y":1282},
        {"x":174, "y":1407},
        {"x":642, "y":1570},
        {"x":582, "y":1587},
        {"x":365, "y":1647},
        {"x":314, "y":1730},
        {"x":305, "y":1627},
        {"x":218, "y":1578}
    ],
    "jellyfish": [
        {
            "position": {"x": 280, "y": 200}
        },
        {
            "position": {"x":502, "y":489}
        },
        {
            "position": {"x":564, "y":421}
        },
        {
            "position": {"x":336, "y":496}
        },
        {
            "position": {"x":308, "y":838}
        },
        {
            "position": {"x":392, "y":1008}
        },
        {
            "position": {"x":313, "y":973}
        },
        {
            "position": {"x":367, "y":898}
        },
        {
            "position": {"x":340, "y":1023}
        },
        {
            "position": {"x":271, "y":1010}
        },
        {
            "position": {"x":529, "y":1226}
        },
        {
            "position": {"x":284, "y":1536}
        }
    ],
    "octopus": [
        {
            "position_a" : {
                "x": 440,
                "y": 110
            },
            "position_b" : {
                "x": 550,
                "y": 130
            }
        },
        {
            "position_a" : {
                "x": 316,
                "y": 384
            },
            "position_b" : {
                "x": 154,
                "y": 350
            }
        },
        {
            "position_a" : {
                "x": 542,
                "y": 612
            },
            "position_b" : {
                "x": 535,
                "y": 486
            }
        },
        {
            "position_a" : {
                "x": 285,
                "y": 1211
            },
            "position_b" : {
                "x": 365,
                "y": 1156
            }
        },
        {
            "position_a" : {
                "x": 199,
                "y": 1629
            },
            "position_b" : {
                "x": 316,
                "y": 1731
            }
        },
        {
            "position_a" : {
                "x": 320,
                "y": 1705
            },
            "position_b" : {
                "x": 233,
                "y": 1582
            }
        }
    ],
	"whirlpool": [
		{
            "position" : {
                "x":401, 
                "y":364
            },
			"should_remove": false,
			"rotation": 0
        },
		{
            "position" : {
                "x":73, 
                "y":868
            },
			"should_remove": false,
			"rotation": 0
        },
		{
            "position" : {
                "x":486, 
                "y":828
            },
			"should_remove": false,
			"rotation": 0
        },
		{
            "position" : {
                "x":441, 
                "y":1663
            },
			"should_remove": false,
			"rotation": 0
        }

	],
	"pufferfish": [
		{
			"position" : {
				"x": 261,
				"y": 387
			},
			"is_knocking_back": false,
			"time_knocking_back": 0.0,
			"inflate_timer": 0.0,
			"is_large": false,
			"stun_timer": 0.0,
			"puffer_state": "SmallIdle"

		},
		{
			"position" : {
				"x": 195,
				"y": 694
			},
			"is_knocking_back": false,
			"time_knocking_back": 0.0,
			"inflate_timer": 0.0,
			"is_large": false,
			"stun_timer": 0.0,
			"puffer_state": "SmallIdle"

		},
		{
			"position" : {
				"x": 635,
				"y": 731
			},
			"is_knocking_back": false,
			"time_knocking_back": 0.0,
			"inflate_timer": 0.0,
			"is_large": false,
			"stun_timer": 0.0,
			"puffer_state": "SmallIdle"

		},
		{
			"position" : {
				"x": 169,
				"y": 1104
			},
			"is_knocking_back": false,
			"time_knocking_back": 0.0,
			"inflate_timer": 0.0,
			"is_large": false,
			"stun_timer": 0.0,
			"puffer_state": "SmallIdle"

		},
		{
			"position" : {
				"x": 478,
				"y": 1333
			},
			"is_knocking_back": false,
			"time_knocking_back": 0.0,
			"inflate_timer": 0.0,
			"is_large": false,
			"stun_timer": 0.0,
			"puffer_state": "SmallIdle"

		},
		{
			"position" : {
				"x": 499,
				"y": 1775
			},
			"is_knocking_back": false,
			"time_knocking_back": 0.0,
			"inflate_timer": 0.0,
			"is_large": false,
			"stun_timer": 0.0,
			"puffer_state": "SmallIdle"

		},
		{
			"position" : {
				"x": 74,
				"y": 1259
			},
			"is_knocking_back": false,
			"time_knocking_back": 0.0,
			"inflate_timer": 0.0,
			"is_large": false,
			"stun_timer": 0.0,
			"puffer_state": "SmallIdle"

		},
		{
			"position" : {
                "x":260, 
                "y":1472
            },
			"is_knocking_back": false,
			"time_knocking_back": 0.0,
			"inflate_timer": 0.0,
			"is_large": false,
			"stun_timer": 0.0,
			"puffer_state": "SmallIdle"

		}

	]
}